ID,Year,Date,Title,Description,Reparation Type,Entity Type,Entity Name,Recipient Group,Geographic Scope,Jurisdiction,Monetary Value (USD),Funding Source,Citations,Primary Sources Available,Link to Documents,Event Tags,Related Laws / Policies,Outcome Status,Notes / Commentary,Multimedia Links
event-1781-1,1781,,Enslaved Man Seeks Land Justice,"Anthony (Tony) and Cuba had been enslaved by John Vassall until John fled for England. When the master's estate was confiscated, Tony petitioned the Massachusetts legislature seeking title to the plot of land on which he had been enslaved for over 40 years. They were evicted from the land but the legislature awarded them an annual pension of £12 from the sale of the estate.",Monetary Compensation,State Government,,Descendants of enslaved persons,National,,40,State appropriations,Though dwelling in a land of freedom. (2018). National Park Service.,,,"Land, Enslavement",,Implemented,,
event-1783-2,1783,,Freedwoman Petitions for Pension Justice,"Belinda Sutton (also Royal or Royall) was born in modern-day Ghana in 1713, and sold into slavery as a child to Isaac Royall in Massachusetts. After 50 years of enslavement she was made a freedwoman when Royall fled to Nova Scotia. Sutton petitioned the commonwealth of Massachusetts for a pension. In 1783 she was awarded a pension of 15 pounds, 12 shillings, to be paid from the estate of Isaac Royall.",Monetary Compensation,State Government,,,State,,1713,,"We Were Eight Years in Power : An American Tragedy by Ta-Nehisi Coates, p. 176 in the chapter ""The Case for Reparations"", 2017.",,,"Reparations Program, Enslavement",,Implemented,,
event-1863-3,1863,,NYC Riots: Black Community Relief,"Over four days In July mobs of white New Yorkers terrorized Black people by roaming the streets from City Hall to Gramercy Park to past 40th Street, setting fire to buildings and killing people. The overall death toll is estimated at between over 100 and over 1,000. Immediately after the riots, the white merchants of New York (""Report of the Merchants' Committee for the Relief of the Colored People Suffering from the Late Riots in the City of New York"", 1863 booklet) combined forces to raise money to care for the injured, repair the damaged property, and support the legal and employment needs of the community's Black people. The shopkeepers raised over $40,000, equivalent to $825,000 in 2021.",,City Government,,Black or African American individuals or communities,City,,40,Municipal budget,"""The Real Story of the 'Draft Riots'"" by Elizabeth Mitchell, The New York Times, February 18, 2021.",,,"Black Americans, City Government",,,,
event-1865-4,1865,,Sherman’s Land Promise to Freedmen,"On January 12, in the midst of the Civil War, General William T. Sherman and U.S. secretary of war Edwin M. Stanton met with 20 Black leaders in Savannah Georgia. Four days later, General Sherman issued Special Field Order No. 15 stating that Black people would receive an army mule and not more than forty acres on coastal plains of South Carolina and Georgia. By June, roughly 40,000 Blacks had settled on four hundred thousand acres of land before Confederate landowners, aided by the new Johnson administration, started taking back ""their"" land. (Secondary source : How To Be An Antiracist (2019) by Ibram X. Kendi, p.174; primary sources cited by Kendi : See The War of the Rebellion : A Compilation of the Official Records of the Union and Confederate Armies (Washington, DC : U.S. Government Printing Office, 1895-37-41); ""Sherman's Special Field Orders, No.15"", in The Empire State of the South : Georgia History in Documents and Essays, ed. Christopher C. Meyers (Macon, GA : Mercer University Press, 2008, 174).)",,State Government,,Black or African American individuals or communities,State,Georgia,12,,,,,"Black Americans, Education, Land",,,,
event-1866-5,1866,,Southern Homestead Act Fails Freedmen,"Southern Homestead Act : ""Ex-slaves were given 6 months to purchase land at reasonable rates without competition from white southerners and northern investors. But, owing to their destitution, few ex-slaves were able to take advantage of the program. The largest number that did were located in Florida, numbering little more than 3,000… The program failed.""",,,State of Florida,,State,Florida,6,,,,,Land,,,,
event-1878-6,1878,,Former Slave Wins Restitution Lawsuit,"In 1853, Henrietta Wood was a free black woman living and laboring as a domestic worker in Cincinnati when she was lured across the Ohio River and into the slave state of Kentucky by a white man named Zebulon Ward. Ward sold her to slave traders, who took her to Texas, where she remained enslaved through the Civil War. Wood eventually returned to Cincinnati, and in 1870 sued Ward for $20,000 in damages and lost wages. In 1878, an all-white jury decided in Wood's favor, with Ward ordered to pay $2,500 (approximately $68,000 in 2023), perhaps the largest sum ever awarded by a court in the United States in restitution for slavery.",Monetary Compensation,State Government,U.S. Court of Claims,Black or African American individuals or communities,National,,1853,,"""The Ex-Slave Who Sued, and Won"" by W. Caleb McDaniel, The New York Times, September 5, 2019.",,,"Black Americans, Legal Action, Enslavement",,Implemented,,
event-1924-7,1924,,Pueblo Lands Act Compensates Lost Land,"With the Pueblo Lands Act of 1924, Congress authorized the establishment of the Pueblo Lands Board to adjudicate land title disputes, along with a payment of $1,300,000 to the Pueblo for the land they lost (although the Pueblo disputed the amount).",Monetary Compensation,Federal Government,United States Congress,Native American individuals or tribes,National,,1924,Federal appropriations,"A History of the Indians in the United States by Angie Debo (Norman, OK : University of Oklahoma Press, 1984, p. 335).",,,"Education, Federal Government, Land, Native American",,,,
event-1927-8,1927,,Shoshones Paid for Seized Land,The Shoshones were paid over $6 million for land illegally seized from them (although it was only half the appraised value of the land).,Monetary Compensation,University,,,Institutional,,6000000,,"Race, Racism, and Reparations by J. Angelo Corlett, 2003, Cornell University Press, p. 170.",,,"Education, Land, Reparations Program",,Implemented,,
event-1934-9,1934,,Indian Reorganization Act Funds Land,"Congress passed the Indian Reorganization Act which authorized $2 million a year in appropriations for the acquisition of land for Indians (except for the state of Oklahoma and the territory of Alaska until 1936). Congress made appropriations until 1941. In total $5.5 million was appropriated for 400,000 acres of land, and further legislation added 875,000 acres to reservations. One million acres of grazing land and nearly one million acres intended for homesteading were returned to the tribes.",Land Return,Federal Government,United States Congress,Native American individuals or tribes,National,Alaska,2000000,Federal appropriations,"A History of the Indians in the United States by Angie Debo (Norman, OK : University of Oklahoma Press, 1984, pp. 228-341).",,,"Education, Federal Government, Land, Native American",,,,
event-1944-10,1944,,California Natives Awarded Treaty Compensation,"As Attorney General of California, Earl Warren sued the federal government in the Court of Claims on behalf of California's Native Americans after failure to ratify solemn treaties with various tribes. The plaintiffs were eventually awarded $17 million, although after “costs” deducted by the federal government, the amount was whittled to $5 million.",Monetary Compensation,Federal Government,U.S. Court of Claims,Native American individuals or tribes,National,California,17000000,Federal appropriations,"“Short Overview of California Indian History” by Edward D. Castillo, State of California Native American Heritage Commission, n.d.; see also Indians of California by Bureau of Indian Affairs, 1966.",,,"Federal Government, Legal Action, Native American",,Implemented,,
event-1946-11,1946,,Indian Claims Commission Resolves Violations,"Congress created the Indian Claims Commission to hear fraud and treaty violation claims against the United States government. The Commission was adjourned in 1978 with all pending cases transferred to the United States Court of Claims. By this time the Commission had adjudicated 546 claims and awarded more than $818 million in judgments. (A History of the Indians in the United States by Angie Debo (Norman, OK : University of Oklahoma Press, 1984, p. 346).",Monetary Compensation,Federal Government,United States Congress,Native American individuals or tribes,National,,1978,Federal appropriations,,,,"Education, Federal Government, Legal Action, Native American",,Implemented,,
event-1950-12,1950,,Navajo-Hopi Rehabilitation Act Passes,"The Navajo-Hopi Rehabilitation Act was passed, authorizing an appropriation of $88,570,000 over 10 years for a program benefiting the Navajo and Hopi, including soil conservation, education, business and industry development on reservation, and assistance in finding employment off-reservation.",Educational Support,State Government,,Native American individuals or tribes,National,,88570000,,"A History of the Indians in the United States by Angie Debo (Norman, OK : University of Oklahoma Press, 1984, p. 348).",,,"Education, Native American",,,,
event-1952-13,1952,,Germany Pays Holocaust Survivors Reparations,Germany : $822 million to Holocaust survivors : German Jewish Settlement.,,,,,,,822000000,Court settlement or judgment,"""West Germany Signs 822 Million Dollar Reparations Pacts with Israel Govt. and Jewish Material Claims,"" JTA Daily News Bulletin, September 11, 1952.",,,Reparations Program,,,,
event-1956-14,1956,,Pawnees Awarded Land Theft Compensation,"The Pawnees were awarded more than $1 million in a suit brought before the Indian Claims Commission for land taken from them in Iowa, Kansas, and Missouri.",Monetary Compensation,University,,Native American individuals or tribes,State,Missouri,1000000,,"Race, Racism, and Reparations by J. Angelo Corlett, 2003, Cornell University Press, p. 170.",,,"Education, Land, Native American, Reparations Program",,Implemented,,
event-1962-15,1962,,Georgia Repeals Anti-Cherokee Laws,"Georgia restored many Cherokee landmarks, a newspaper plant, and other buildings in New Echota. It also repealed its repressive anti-Native American laws of 1830.",Land Return,University,,Native American individuals or tribes,State,Georgia,1830,,"Race, Racism, and Reparations by J. Angelo Corlett, 2003, Cornell University Press, p. 170.",,,"Education, Land, Native American, Reparations Program",,Implemented,,
event-1968-16,1968,,Tlingit and Haida Win Settlement,"In the United States Court of Claims case Tlingit and Haida Indians of Alaska v. United States, the plaintiff tribes won a judgment of $7.5 million as just compensation for land taken by the United States government between 1891 and 1925.",Monetary Compensation,State Government,U.S. Court of Claims,Native American individuals or tribes,National,Alaska,7500000,,"A History of the Indians in the United States by Angie Debo (Norman, OK : University of Oklahoma Press, 1984, p. 399).",,,"Education, Land, Legal Action, Native American",,,,
event-1969-17,1969,,Black Manifesto Demands Church Reparations,"The Black Manifesto was launched in Detroit as one of the first calls for reparations in the modern era. Penned by James Forman, former SNCC (Student Nonviolent Coordinating Committee) organizer, and released at the National Black Economic Development Conference, the manifesto demanded $500 million in reparations from predominantly White religious institutions for their role in perpetuating slavery. About $215,000 (other sources say $500,000) was raised from the Episcopalian and Methodist churches through rancorous deliberations that ultimately tore the coalition apart. The money was used to establish organizations such as a black-owned band, television networks, and the Black Economic Research Center. (""Black and Blue Chicago Finds a New Way to Heal"" by Yana Kunichoff and Sarah Macaraeg, YES Magazine, Spring 2017; From Here to Equality : Reparations for Black Americans in the 21st Century by William A. Darity, Jr. and A. Kirsten Mullen (Chapel Hill, NC : UNC Press, 2020, pp. 14-15).",,Religious Institution,City of Chicago,Black or African American individuals or communities,National,Illinois,500000000,Private or religious contributions,,,,"Black Americans, Religion, Reparations Program, Enslavement",,,,
event-1970-18,1970,,Blue Lake Returned to Pueblo,Richard Nixon signed into law House Resolution 471 restoring Blue Lake and surrounding area to the Taos Pueblo (New Mexico). The land had been taken by presidential order in 1906.,Land Return,Federal Government,President of the United States,Native American individuals or tribes,National,New Mexico,471,Federal appropriations,"A History of the Indians in the United States by Angie Debo (Norman, OK : University of Oklahoma Press, 1984, p. 422); see also ""Taos Pueblo celebrates 40th anniversary of Blue Lake's return"" by Matthew van Buren, Santa Fe New Mexican, September 18, 2010.",,,"Education, Land, Native American",,Implemented,,
event-1971-19,1971,,Alaska Natives Gain Land Settlement,Around $1 billion + 44 million acres of land : Alaska Native Claims Settlement Act.,,,,,State,Alaska,1000000000,Court settlement or judgment,,,,Land,,,,
event-1974-20,1974,,Tuskegee Victims Receive $10 Million,"A $10 million out-of-court settlement was reached between the U.S. government and Tuskegee victims, black men who had been unwitting subjects of a study of untreated syphilis, and who did not receive available treatments.",,Judicial System,U.S. Court of Claims,Black or African American individuals or communities,,,10000000,Court settlement or judgment,"“The Tuskegee Timeline”, CDC, updated March 2, 2020.",,,"Black Americans, Legal Action, Public Health",,,,
event-1980-21,1980,,Sioux Awarded $105 Million Settlement,$105 million : Sioux of South Dakota for seizure of their land.,,State Government,,Native American individuals or tribes,National,,105000000,,"United States v. Sioux Nation of Indians, 448 U.S. 371 (1980).",,,"Land, Native American",,,,
event-1980-22,1980,,Klamaths Receive $81 Million Compensation,$81 million : Klamaths of Oregon.,,,,,,,81000000,,"""Spending Spree"" by Dylan Darling, Herald and News (Klamath Falls, OR), June 21, 2005.",,,,,,,
event-1984-23,1984,,Argentina Investigates Dictatorship Disappearances,"Argentine President Raúl Alfonsín created the Comisión Nacional sobre la Desaparición de Personas (National Commission on the Disappearance of Persons) to investigate the whereabouts of desaparecidos (""the disappeared"") who were abducted or killed by the military during the previous dictatorship. The Commission issued a report (Nunca Más) that led to prosecution of those involved, reparations paid to families of victims in the form of pensions, and new standards implemented to provide accountability for human rights violations.",Monetary Compensation,Federal Government,President of the United States,,National,,2006,Federal appropriations,"The Handbook of Reparations by Paulo de Greiff (Oxford : OUP, 2006).",,,Reparations Program,,Implemented,,
event-1985-24,1985,,Seminoles Awarded $12.3 Million,$12.3 million : Seminoles of Florida.,,,State of Florida,,State,Florida,12300000,,"see Racial Justice in America : A Reference Handbook by David B. Mustard, 2002, ABC-CLIO, p. 81.",,,,,,,
event-1985-25,1985,,Chippewas Receive $31 Million Settlement,$31 million : Chippewas of Wisconsin.,,,,,,,31000000,,"see Racial Justice in America : A Reference Handbook by David B. Mustard, 2002, ABC-CLIO, p. 81.",,,,,,,
event-1986-26,1986,,Ottawas Paid $32 Million,$32 million per 1836 Treaty : Ottawas of Michigan.,,,,,,,32000000,,"see Racial Justice in America : A Reference Handbook by David B. Mustard, 2002, ABC-CLIO, p. 81.",,,,,,,
event-1988-27,1988,,Canada Compensates Japanese Internment Survivors,Canada : $230 million : Japanese Canadians.,Monetary Compensation,,,,,,230000000,,"""Ottawa Will Pay Compensation To Uprooted Japanese-Canadians"" by John F. Burns, The New York Times, September 23, 1988.",,,,,,,
event-1988-28,1988,,Canada Returns Land to Inuit,"Canada : 250,000 sq. miles of land : First Nations and Inuit.",,,,,,,250000,,"""Canada to Give Indigenous People An Arctic Area the Size of Texas"" by John F. Burns, The New York Times, September 6, 1988.",,,Land,,,,
event-1988-29,1988,,Japanese-Americans Receive Internment Reparations,"Civil Liberties Act of 1988 : President Ronald Reagan signed a bill providing $1.2 billion ($20,000 a person) and an apology to each of the approximately 60,000 living Japanese-Americans who had been interned during World War II. Additionally, $12,000 and an apology were given to 450 Unangans (Aleuts) for internment during WWII, and a $6.4 million trust fund was created for their communities.",Formal Apology,Federal Government,President of the United States,,National,,1988,Federal appropriations,"""U.S. pays restitution; apologizes to Unangan (Aleut) for WWII Internment,"" National Library of Medicine.",,,Apology,,Implemented,,
event-1989-30,1989,,Conyers Introduces Reparations Study Bill,"Congressman John Conyers, D-Michigan, introduced bill H.R. 3745, which aimed to create the Commission to Study Reparation Proposals for African-Americans Act. The bill was introduced ""[to] address the fundamental injustice, cruelty, brutality, and inhumanity of slavery in the United States and the 13 American colonies between 1619 and 1865 and to establish a commission to study and consider a national apology and proposal for reparations for the institution of slavery, its subsequent de jure and de facto racial and economic discrimination against African-Americans, and the impact of these forces on living African-Americans, to make recommendations to the Congress on appropriate remedies, and for other purposes.""",Formal Apology,Federal Government,United States Congress,,National,,3745,Federal appropriations,Preamble,,,"Apology, Federal Government, Reparations Program, Enslavement",,,,
event-1990-31,1990,,Austria Pays Holocaust Survivors Reparations,Austria : $25 million : Holocaust Survivors.,,,,,,,25000000,,"""Austria to Pay $25 Million More in Support of Holocaust Survivors"" by Reinhard Engel, JTA Daily News Bulletin, February 13, 1990.",,,,,,,
event-1993-32,1993,,US Apologizes for Hawaiian Overthrow,U.S. Congress passed a joint resolution acknowledging and apologizing to Native Hawaiians the illegal United States–aided overthrow of the sovereign Hawaiian nation.,,Federal Government,United States Congress,Native Hawaiians,National,Hawaii,,Federal appropriations,,,,Federal Government,,,,
event-1994-33,1994,,Rosewood Massacre Survivors Compensated,The state of Florida approved $2.1 million for the living survivors of a 1923 racial pogrom that resulted in multiple deaths and the decimation of the Black community in the town of Rosewood.,,State Government,State of Florida,Black or African American individuals or communities,State,Florida,2100000,,"""Rosewood Massacre : A Harrowing Tale of Racism and the Road toward Reparations"" by Jessica Glenza, The Guardian, January 3, 2016.",,,"Black Americans, Racial Violence, Reparations Program",,Implemented,,
event-1995-34,1995,,Southern Baptists Apologize for Slavery,The Southern Baptists apologized to African American church members for the denomination’s endorsement of slavery.,Formal Apology,Religious Institution,Southern Baptist Convention,Black or African American individuals or communities,,,,Private or religious contributions,,,,"Black Americans, Religion, Enslavement",,,,
event-1997-35,1997,,Clinton Apologizes for Tuskegee Experiments,"President Bill Clinton apologized to the survivors of the U.S. government–sponsored syphilis tests in Tuskegee, Alabama.",Formal Apology,Federal Government,President of the United States,Survivors of the Tuskegee Syphilis Study,,,,Federal appropriations,,,,Public Health,,,,
event-1998-36,1998,,Sand Creek Massacre Site Recognized,"President Clinton signed into law the Sand Creek Massacre National Historic Study Site Act, which officially acknowledges an 1864 attack by seven hundred U.S. soldiers on a peaceful Cheyenne village located in the territory of Colorado. Hundreds, largely women and children, were killed. The act calls for the establishment of a federally funded Historic Site at Sand Creek, which was established in 2007.",Formal Apology,Federal Government,President of the United States,,National,,1864,Federal appropriations,,,,"Federal Government, Racial Violence",,Implemented,,
event-1999-37,1999,,Black Farmers Win USDA Discrimination Settlement,"A class action lawsuit by black farmers against the United States Department of Agriculture was settled by a consent decree, leading to nearly $1 billion in payments to plaintiffs. The lawsuit alleged systematic racial discrimination in the allocation of farm loans from 1981 to 1996. A further $1.2 billion was appropriated by Congress for the second part of the settlement.",Monetary Compensation,Federal Government,United States Congress,Black or African American individuals or communities,National,,1000000000,Federal appropriations,"The Pigford Cases, Congressional Research Service, May 29, 2013; see also Learning from the Germans : Race and the Memory of Evil by Susan Neiman (New York : Macmillan, 2019).",,,"Black Americans, Federal Government, Legal Action",,,,
event-2001-38,2001,,Oklahoma Funds Greenwood Survivor Reparations,"The Oklahoma legislature passed and Governor Keating signed a bill to pay reparations for the destruction of the Greenwood, Oklahoma, community in 1921 in the form of low-income student scholarships in Tulsa; an economic development authority for Greenwood; a memorial; and the awarding of medals to the 118 known living survivors of the destruction of Greenwood.",Monetary Compensation,,,,,,1921,,,,,Reparations Program,,Implemented,,
event-2002-39,2002,,Virginia Apologizes for Forced Sterilizations,"Governor Mark Warner of Virginia issued a formal apology for the state’s decision to forcibly sterilize more than 8,000 of its residents.",Formal Apology,State Government,,Survivors of forced sterilization,State,Virginia,8000,,"""Va. Apologizes to the Victims of Sterilizations"" by William Branigin, Washington Post, May 3, 2002.",,,"Apology, Eugenics",,,,
event-2002-40,2002,,Mississippi Funds HBCUs $503 Million,"Parties in the case of Ayres v. Fordice, a lawsuit first brought in 1975, agree on a settlement of $503 million. The lawsuit alleged that the state of Mississippi had systematically underfunded or otherwise neglected its Historically Black Colleges and Universities (HBCUs) as compared with other post-secondary institutions, and essentially creating a system of segregation based on race. The settlement money would be used for improving academic programs and for capital investments.(Harris, A. (2021). Thirteen years a remedy, thirty years a fight, two centuries a struggle. In The state must provide : Why America’s colleges have always been unequal—And how to set them right (pp. 163–196). New York : Ecco.)",Educational Support,State Government,,Black or African American individuals or communities,State,,1975,Court settlement or judgment,,,,"Black Americans, Education, Legal Action",,,,
event-2004-41,2004,,University Apologizes for Slavery Ties,The faculty senate at the University of Alabama passed a resolution apologizing for its early faculty members' involvement in slavery prior to the Civil War.,Educational Support,University,,,Institutional,,2020,,"Harris, L. M. (2020, January 29). Higher education’s reckoning with slavery. AAUP.",,,"Education, Enslavement",,,,
event-2005-42,2005,,JP Morgan Creates Slavery Scholarship,"Banking corporation JPMorgan Chase issues an apology for their historical ties to the slave trade. The corporation set up a $5 million scholarship fund for black students to attend college. The scholarship program, called Smart Start Louisiana, was likened to reparations by several commentators, including Rev. Jesse Jackson.",Formal Apology,University,,Black or African American individuals or communities,Institutional,,5000000,,"""JPMorgan : Predecessors linked to slavery"", January 21, 2005, Associated Press; ""JP Morgan Chase Creates 'Smart Start Louisiana'"", Howard University News Service.",,,"Apology, Black Americans, Education, Reparations Program, Enslavement",,,,
event-2005-43,2005,,Senate Apologizes for Lynching Victims,"The U.S. Senate approved, by voice vote, S.R. 39, which called for the lawmakers to apologize to lynching victims, survivors, and their descendants, several whom were watching from the gallery.",Formal Apology,,,,,,39,,,,,,,Implemented,,
event-2005-44,2005,,Virginia Funds Segregation-Era Education Reparations,"Virginia, five decades after ignoring Prince Edward County and other locales that shut down their public schools in support of segregation, is making a rare effort to confront its racist past, in effect apologizing and offering reparations in the form of scholarships. With a $1 million donation from the billionaire media investor John Kluge and a matching amount from the state, Virginia is providing up to $5,500 to any state resident who was denied a proper education when public schools shut down. So far, more than 80 students have been approved for the scholarships and the numbers are expected to rise. Several thousand are potentially eligible.",Educational Support,State Government,,,State,Virginia,1000000,,"“A New Hope For Dreams Suspended By Segregation”, The New York Times, July 31, 2005 by Michael Janofsky.",,,"Education, Reparations Program",,Implemented,,
event-2007-45,2007,,"States Apologize for Slavery, Segregation","State legislatures in Virginia, Maryland, North Carolina, Alabama, New Jersey, and Florida passed measures apologizing for slavery and segregation.",,State Government,State of North Carolina,Black or African American individuals or communities,State,North Carolina,21,State appropriations,"From Here to Equality : Reparations for Black Americans in the 21st Century by William A. Darity, Jr. and A. Kirsten Mullen (Chapel Hill, NC : UNC Press, 2020, p. 24).",,,"Black Americans, Land, Reparations Program, Enslavement",,,,
event-2008-46,2008,,Congress Apologizes for Slavery Injustices,"U.S. House Resolution 194 and Senate Concurrent Resolution 26 made a formal apology to the African American community for ""centuries of brutal dehumanization and injustices."" Plus, there was an admission that ""African Americans continue to suffer from the complex interplay between slavery and Jim Crow long after both systems were formally abolished through enormous damage and loss, both tangible and intangible, including the loss of human dignity.""",Formal Apology,,,Black or African American individuals or communities,,,194,,,,,"Apology, Black Americans, Enslavement",,,,
event-2014-47,2014,,France Compensates Holocaust Deportation Victims,"France : More than 700 claims have been filed under an agreement between U.S. and France in which French officials have agreed to pay out $60 million for the deportations carried out by SNCF, France’s railway system. In exchange, the U.S. government agreed to ask courts to dismiss any lawsuits against SNCF or the French government.",,Judicial System,U.S. Court of Claims,,,,700,Court settlement or judgment,"""U.S. Begins Paying Out Reparations from France to Holocaust Survivors and Their Heirs"" by Katherine Shaver, Washington Post, September 15, 2016.",,,"Legal Action, Reparations Program",,,,
event-2014-48,2014,,NC Pays Forced Sterilization Survivors,"The state of North Carolina set aside $10 million for reparations payments to living survivors of the state’s eugenics program, which forcibly sterilized approximately 7,600 people.",Monetary Compensation,State Government,State of North Carolina,Survivors of forced sterilization,State,North Carolina,10000000,,"""North Carolina Set To Compensate Forced Sterilization Victims"" by Scott Neuman, NPR, July 25, 2013; ""Families of NC Eugenics Victims No Longer Alive Still Have Shot at Compensation"" by Anne Blythe, News & Observer (Raleigh, N.C.), March 17, 2017.",,,"Eugenics, Reparations Program",,,,
event-2015-49,2015,,Japan Compensates Korean Comfort Women,"Japan : $8.3 million to provide old-age care to Korean ""Comfort Women"" survivors plus a new apology.",Formal Apology,,,,,,8300000,,"""Japan and South Korea Settle Dispute Over Wartime 'Comfort Women'"" by Choe Sang-hung, The New York Times, December 28, 2015.",,,Apology,,,,
event-2015-50,2015,,Chicago Approves Police Torture Reparations,"The City of Chicago signed into law an ordinance granting cash payments, free college education, and a range of social services to 57 living survivors of police torture (Burge Reparations). Explicitly defined as reparations, which totaled $5.5 million, the ordinance includes a formal apology from Mayor Rahm Emanuel and a mandate to teach the broader public about the torture through a memorial and public school curriculum.",Formal Apology,City Government,City of Chicago,,City,Illinois,57,Municipal budget,,,,"Apology, City Government, Education, Racial Violence, Reparations Program",,Implemented,,
event-2016-51,2016,,France Pays US Holocaust Survivors,France : The State Department has paid or approved 90 claims for a total of $11 million in reparations by France to former WWII prisoners who were carried to Nazi Death Camps in French trains—the first French reparations paid to Holocaust survivors in the U.S.,Monetary Compensation,State Government,,,,,90,,"""U.S. Begins Paying Out Reparations from France to Holocaust Survivors and Their Heirs"" by Katherine Shaver, Washington Post, September 15, 2016.",,,Reparations Program,,Implemented,,
event-2016-52,2016,,Georgetown Addresses Slavery Legacy,"Georgetown University has acknowledged that the school has profited from the sale of slaves and has ""reconciled"" by naming two buildings after African Americans and offer preferred admission to any descendants of slaves who worked at the university.",Formal Apology,City Government,Georgetown University,Black or African American individuals or communities,Institutional,District of Columbia,,,,,,"Black Americans, Education",,,,
event-2016-53,2016,,Virginia Compensates Sterilization Survivors,"The state of Virginia, one of more than 30 other states that practiced forced sterilizations, followed North Carolina’s lead and has since 2016 been awarding $25,000 to each survivor.",Monetary Compensation,State Government,State of North Carolina,Survivors of forced sterilization,State,North Carolina,30,,"""Virginia Votes Compensation for Victims of its Eugenic Sterilization Program"" by Jaydee Hanson, Center for Genetics and Society, March 5, 2015.",,,Eugenics,,,,
event-2016-54,2016,,Tribes Win $492 Million Settlement,"The U.S. government reached a settlement of $492 million with 17 Native American tribes to resolve lawsuits alleging the federal government mismanaged tribal land, resources, and money.",,Federal Government,,Native American individuals or tribes,National,,492000000,Federal appropriations,"“U.S. Government To Pay $492 Million To 17 American Indian Tribes” by Rebecca Hersher, NPR, September 27, 2016.",,,"Federal Government, Land, Legal Action, Native American",,,,
event-2018-55,2018,,Court Upholds Tribal Fishing Rights,"The Supreme Court, in a 4-4 deadlock, let stand a lower court's order to the state of Washington to make billions of dollars worth of repairs to roads, where the state had built culverts below road channels and structures in a way that prevented salmon from swimming through and reaching their spawning grounds, that had damaged the state’s salmon habitats and contributed to population loss. The case involved the Stevens Treaties, a series of agreements in 1854-55, in which tribes in Washington State gave up millions of acres of land in exchange for ""the right to take fish."" Implicit in the treaties, courts would later rule, was a guarantee that there would be enough fish for the tribes to harvest. Destroying the habitat reduces the population and thus violates these treaties. This decision directly affects the Swinomish Tribe.",,State Government,U.S. Supreme Court,Native American individuals or tribes,State,,4,,"""A Victory For A Tribe That’s Lost Its Salmon"" by John Eligon, The New York Times, June 12, 2018.",,,"Land, Legal Action, Native American",,,,
event-2019-56,2019,,Georgetown Students Fund Descendant Reparations,"""Students at Georgetown University voted to increase their tuition to benefit descendants of the 272 enslaved Africans that the Jesuits who ran the school sold nearly two centuries ago to secure its future."" In a nonbinding student-led referendum, ""the undergraduate student body voted to add a new fee of $27.20 per student per semester to their tuition bill, with the proceeds devoted to supporting education and health care programs in Louisiana and Maryland, where many of the 4,000 known living descendants of the 272 enslaved people now reside.""",Educational Support,City Government,Georgetown University,Descendants of enslaved persons,Institutional,District of Columbia,272,,"""Georgetown Students Agree to Create Reparations Fund"" by Adeel Hassan, The New York Times, April 12, 2019.",,,"Education, Land, Public Health, Religion, Reparations Program, Enslavement",,,,
event-2019-57,2019,,Episcopal Diocese Funds Reparations Program,A convention of the Episcopal Diocese of New York voted to allocate $1.1 million to initiate a reparations program.,Community Investment,Religious Institution,,,,,1100000,,"Episcopal Diocese of New York. (2019, November 10). Diocesan Convention votes $1.1 million towards reparations, passes 1860 anti-slavery resolutions.",,,"Reparations Program, Enslavement",,,,
event-2019-58,2019,,Nuns Create Slavery Scholarship Fund,"Catholic nuns of the Society of the Sacred Heart introduced a scholarship fund to benefit African-American students at their school in Louisiana, along with a memorial to the 150 enslaved persons who labored to build the schools. (Swarns, R. L. (2019, August 2). The nuns who bought and sold human beings. The New York Times; Jones, T. L. (2018, March 11). Society of the Sacred Heart hopes for understanding, reconciliation as it delves into its history of slave ownership. The Advocate.)",Educational Support,,,Descendants of enslaved persons,,,150,,,,,Enslavement,,,,
event-2019-59,2019,,Georgetown Raises Funds for Descendants,"Georgetown University announced that it would raise about $400,000 a year to benefit descendants of the 272 enslaved people who were sold to aid the college 200 years ago, and the funds will be used to support community projects. While students would be involved in the initiative, they would not be required to pay extra fees; the money would be raised through voluntary donations from alumni, faculty, students, and philanthropists.",Educational Support,City Government,Georgetown University,Descendants of enslaved persons,Institutional,District of Columbia,400000,,"""Descendants of 272 Slaves Offered Aid By Georgetown"" by Rachel Swarns, The New York Times, October 30, 2019.",,,"Education, Enslavement",,,,
event-2019-60,2019,,Princeton Seminary Pledges $27 Million,Princeton Theological Seminary announced a $27 million commitment for various initiatives to recognize how it benefited from black slavery. This is the largest monetary commitment by an educational institution.,Educational Support,,,Black or African American individuals or communities,,,27000000,,"""WWJD : Princeton Theological Seminary Announces $27 Million Reparations Plan"" by Anne Branigin, The Root, October 24, 2019.",,,"Black Americans, Education, Reparations Program, Enslavement",,,,
event-2019-61,2019,,Booker Introduces Reparations Study Bill,"Senator Cory Booker, D-New Jersey, introduced bill S. 1083 (H.R. 40 Commission to Study and Develop Reparation Proposals for African-Americans Act) in the Senate that would provide for a commission to study and report on the impact of slavery and discrimination against Black Americans and deliver a verdict on different proposals for reparations. The bill ""is a way of addressing head-on the persistence of racism, white supremacy, and implicit racial bias in our country. It will bring together the best minds to study the issue and propose solutions that will finally begin to right the economic scales of past harms and make sure we are a country where all dignity and humanity is affirmed.""",,,,Black or African American individuals or communities,,,1083,,"Press release, April 8, 2019.",,,"Black Americans, Reparations Program, Enslavement",,,,
event-2019-62,2019,,Evanston Funds Marijuana Tax Reparations,"The City Council of Evanston, Illinois, voted to allocate the first $10 million in tax revenue from the sale of recreational marijuana (which became legal in the state on January 1, 2020) to fund reparations initiatives that address the gaps in wealth and opportunity of black residents. ""This week's City Council vote appears to have made Evanston the first municipal government in the nation to create and fund its own reparations program."" Note : While Chicago created a program to compensate victims of police torture (see above), the reparations were not primarily race-based.",Community Investment,State Government,City of Evanston,Black or African American individuals or communities,City,Illinois,10000000,Municipal budget,"“Future Weed Revenue Will Fund Evanston’s New Reparations Program” by Jonah Meadows, Patch, November 27, 2019; Associated Press. (2021, March 23). Evanston, Illinois, becomes first U.S. city to pay reparations to Black residents. NBC News.",,,"Black Americans, City Government, Racial Violence, Reparations Program",,,,
event-2019-63,2019,,Virginia Seminary Pays Reparations,"The Virginia Theological Seminary has earmarked $1.7 million to pay reparations to descendants of African Americans who were enslaved to work on their campus. The first payments of $2,100, to 15 recipients, were distributed in February 2021.",Monetary Compensation,,,Black or African American individuals or communities,State,Virginia,1700000,,"""Virginia Theological Seminary, With Deep Roots in Slavery, Sets Aside $1.7 Million to Pay Reparations"" by Dara Sharif, The Root, September 10, 2019; Wright, W. (2021, May 31). Seminary built on slavery and Jim Crow labor has begun paying reparations. The New York Times.",,,"Black Americans, Reparations Program, Enslavement",,,,
event-2020-64,2020,,Durham Calls for Federal Reparations,"At the recommendation of the Racial Equity Task Force, Durham, N.C., city officials passed a resolution calling for the federal government to grant reparations to the descents of Black slaves.",,Federal Government,City of Durham,Black or African American individuals or communities,National,North Carolina,2020,Federal appropriations,"Branigin, A. (2020, October 6). Durham, Washington, D.C., become latest cities to call for reparations for black residents. The Root.",,,"Black Americans, City Government, Federal Government, Reparations Program",,,,
event-2020-65,2020,,California Creates Reparations Task Force,California enacts a new law to create a task force to determine how the state could provide reparations to Black Americans and who would be eligible.,,State Government,,Black or African American individuals or communities,State,California,2020,,"Linly, Z. (2020, October 1). California passes bill to consider slavery reparations. The Root.",,,"Black Americans, Reparations Program, Enslavement",,,,
event-2020-66,2020,,Fund Established for Elaine Massacre,"The ""Fund for Reparations Now"" was established to raise $150,000 for the descendants of the Elaine, Arkansas massacre in which at least 200 African Americans were killed. The fund is a collaborate effort amongst the Elaine Legacy Center, the National African American Reparations Commission, and the Samuel DeWitt Proctor Conference. As of December 2020, $50,000 has been contributed to the fund.",,,,Black or African American individuals or communities,National,,150000,,"National groups honor pledge to descendants of Elaine, Arkansas massacre. (December 15, 2020).",,,"Black Americans, Racial Violence, Reparations Program",,,,
event-2020-67,2020,,Burlington Studies Slavery Reparations,"The city council of Burlington, Vermont, voted in a resolution to create a task force to study possible reparations for the state's involvement in the slave trade. A Racial Justice Fund was created to fund the work of the task force. This resolution follows the Resolution Relating to Racial Justice Through Economic and Criminal Justice (archived PDF) which was passed in June.",,State Government,,,,,2020,Municipal budget,"Press Release. ""Burlington City Council votes unanimously to pass a historical reparations resolution to study reparations for Vermont’s role in chattel slavery"" (2020, August 11). VTDigger.",,,"City Government, Reparations Program, Enslavement",,,,
event-2020-68,2020,,Texas Episcopalians Pledge $13 Million,"The Episcopal Diocese of Texas (whose first bishop, Alexander Gregg, was a slave holder) pledged $13 million for a racial justice project.",,Religious Institution,,,,,13000000,,"Downen, R. (2020, February 13). Texas Episcopalians pledge $13M to 'repair and commence racial healing'. Houston Chronicle.",,,,,,,
event-2020-69,2020,,Boston Museum Funds Diversity Initiative,"The Museum of Fine Arts in Boston reached an agreement with the Massachusetts Attorney General's Office to implement policies and procedures, and a $500,000 fund, to address diversity issues. The agreement follows an incident of racial discrimination towards black students visiting the museum in May 2019.",,,,Black or African American individuals or communities,,,500000,,"""AG's Office and Museum of Fine Arts Reach Historic Agreement to Support Diversity and Inclusivity"", MFA Press Release, May 5, 2020.",,,Black Americans,,,,
event-2020-70,2020,,Asheville Approves Black Community Reparations,"The town of Asheville, North Carolina, voted to give reparations to its black residents, in the form of a public apology and investing in black communities.",Formal Apology,City Government,State of North Carolina,Black or African American individuals or communities,State,North Carolina,15,,"""A Liberal North Carolina Town Has Unanimously Voted to Give its Black Residents Reparations"" by Anne Branigin. The Root, July 15, 2020.",,,"Apology, Black Americans, Reparations Program",,,,
event-2020-71,2020,,Ole Miss Apologizes to Protesters,The University of Mississippi has apologized to dozens of African Americans who were arrested in 1970 for protesting racial inequality and Confederate imagery on campus.,Formal Apology,University,,Black or African American individuals or communities,Institutional,,1970,,"“Ole Miss Apologizes to Black Protesters Arrested in 1970”, Associated Press, February 26, 2020.",,,"Black Americans, Education",,,,
event-2021-72,2021,,House Panel Advances Reparations Bill,"A Congressional House committee voted to recommend the advancement of bill H.R. 40 (Commission to Study and Develop Reparation Proposals for African Americans Act), which would provide for the creation of a commission to study slavery reparations. The bill was introduced by Sheila Jackson Lee, D-TX, and co-sponsored by 184 other House Democrats.",,Federal Government,United States Congress,Black or African American individuals or communities,National,,40,Federal appropriations,"Fandos, N. (2021, April 14). House panel advances bill to study reparations in historic vote. The New York Times.",,,"Black Americans, Federal Government, Reparations Program, Enslavement",,,,
event-2021-73,2021,,Baltimore Church Funds Racial Justice,"Memorial Episcopal Church in Baltimore, Maryland, created a fund to spend $100,000 per year over the next five years, for community organizations to do ""justice-centered work"" to address historical racial inequalities. The church had been founded by slave owners in the 1860s.",,Religious Institution,,,,,100000,Private or religious contributions,"Pitts, J. M. (2021, January 29). Episcopal church established by Baltimore slave owners creates $500,000 reparations fund. Baltimore Sun.",,,"Land, Religion, Reparations Program",,,,
event-2021-74,2021,,St. Petersburg Approves Reparations Program,"St. Petersburg, Florida, city council approved the creation of a reparations program and the implementation of an equity officer in response to a study that identified structural racism in the state. The program will establish affordable housing, educational opportunities, and other means of economic development that would contribute to an equal environment for Black residents.",Educational Support,State Government,State of Florida,Black or African American individuals or communities,State,Florida,2021,Municipal budget,"Wright, C. (2021, December). St. Petersburg City Council approves 'reparations' to address structural racism. Tampa Bay Times.",,,"Black Americans, City Government, Education, Housing, Reparations Program",,Implemented,,
event-2021-75,2021,,California Funds Forced Sterilization Reparations,"The California legislature enacted a law requesting $7.5 million of the budget be put towards providing reparations to survivors of the state's former eugenics law, by which over 20,000 institutionalized women were forcibly sterilized.",Educational Support,State Government,,Survivors of forced sterilization,State,California,7500000,State appropriations,"California passes landmark law to provide reparations to survivors of state-sponsored forced sterilization. (2021, July 13). Disability Rights Education & Defense Fund.",,,"Education, Eugenics, Land, Reparations Program",,Implemented,,
event-2021-76,2021,,Louisville Supports Federal Reparations Study,"The city council of Louisville, Kentucky, passed a resolution to express support of the U.S. House of Representatives' Bill 40 (Commission to Study and Develop Reparation Proposals for African Americans Act), which would provide for the creation of a federal commission to study slavery reparations.",,Federal Government,,Black or African American individuals or communities,National,,40,Federal appropriations,"Grady, D. (2021, September 24). Louisville Council votes to support federal reparations study. LEO Weekly.",,,"Black Americans, City Government, Federal Government, Reparations Program, Enslavement",,,,
event-2021-77,2021,,Athens-Clarke Funds Linnentown Reparations,"The commissioners of the county of Athens-Clarke, Georgia, pass a proclamation to extend an apology for an act in the 1960s whereby the Linnentown community of Black families was appropriated and destroyed to build dormitories for students of the University of Georgia. Two weeks later the commissioners voted in favor of a resolution to erect a memorial on the site, create a center to study slavery, and set aside funding for reparatory projects (based on the amount of intergenerational wealth lost due to the destruction of the Linnentown community).",Formal Apology,City Government,,Black or African American individuals or communities,State,Georgia,1960,,"Cohen, R. M. (2021, April 9). Inside the winning fight for reparations in Athens, Georgia. The Intercept.",,,"Apology, Black Americans, Education, Reparations Program, Enslavement",,,,
event-2021-78,2021,,Jesuits Pledge $100 Million Reparations,The Jesuit Conference of Priests pledged to raise $100 million for the descendants of enslaved people. This pledge is the largest monetary effort of the Roman Catholic Church to atone for its role in slavery. $15 million has already been deposited into a trust as of March 2021.,,Religious Institution,Jesuit Conference of Priests,Descendants of enslaved persons,,,100000000,Private or religious contributions,"Swarns, R. L. (2021, March 15). Catholic order pledges $100 million to atone for slave labor and sales. The New York Times.",,,"Religion, Enslavement",,,,
event-2021-79,2021,,Michigan Church Creates Reparations Fund,"The Justice League of Greater Lansing (Michigan), made up of members from local churches, establishes a reparations fund from church endowments. The funds are to be spent on scholarships, small business loans, and home ownership loans.",Educational Support,Religious Institution,,Black or African American individuals or communities,,,2021,Private or religious contributions,"Medina, A. (2021, December 28). Two EL churches trying to provide faith-based reparations to Greater Lansing Black community. East Lansing Info.",,,"Black Americans, Religion, Reparations Program",,,,
event-2021-80,2021,,Maryland Funds HBCUs $577 Million,"The Maryland legislature passes a bill (PDF) subsequent to the settlement of the lawsuit The Coalition for Equity and Excellence in Maryland Higher Education, et al. v. Maryland Higher Education Commission, et al., which alleged that the state failed to sufficiently desegregate its colleges and universities. The legislation provides for $577 million over 10 years to be used for various programs benefitting the state's Historically Black Colleges and Universities (HBCUs).",Educational Support,State Government,,Black or African American individuals or communities,,,577000000,State appropriations,"Douglas-Gabriel, D., & Wiggins, O. (2021, March 24). Hogan signs off on $577 million for Maryland’s Historically Black Colleges and Universities. The Washington Post.",,,"Black Americans, Education, Land, Legal Action",,,,
event-2021-81,2021,,Northampton Studies Local Reparations,"The Northampton (MA) Reparations Committee (NRC) began meeting in March 2021. In the fall of 2022, the NRC began circulating a reparations petition asking the Northampton City Council to (1) Investigate the historical and current effects of enslavement and racism against Black people in Northampton; and (2) Make recommendations for reparative actions in Northampton as a response to issues apparent in housing, employment, policing, schools, healthcare, and transportation. The NRC also called upon the City Council to make a formal apology to the past and present residents of Northampton for the historic harm that has occurred and the current harm and to fund the Commission's research and publish its findings. In February 2023, a resolution to take action will be presented to the City Council.",Formal Apology,City Government,,Black or African American individuals or communities,,,2021,Municipal budget,,,,"Apology, Black Americans, City Government, Housing, Public Health, Reparations Program",,,,
event-2021-82,2021,,Amherst Establishes Reparations Fund,"The town council of Amherst, Massachusetts voted to establish a reparations fund that will begin with a $210,000 special appropriation and accept contributions from local organizations. The town also approved the establishment of the African Heritage Reparations Assembly to develop the reparations plan.",,City Government,,,,,210000,,"Merzbach, S. (2021, June 23). Amherst council establishes reparations fund. Daily Hampshire Gazette.",,,Reparations Program,,Implemented,,
event-2022-83,2022,,California Church Offers Home Loans,"Arlington Community Church in Kensington, California, a predominantly white congregation of the United Church of Christ, established the Black Wealth Builders Fund to offer zero-interest loans to Black residents for a down payment on purchasing their first home. The fund is intended to rectify lower levels of ownership among Black residents due to historical redlining (mortgage discrimination).",Monetary Compensation,Religious Institution,,Black or African American individuals or communities,State,California,2022,Private or religious contributions,"Nguyen, F. (2022, December 23). A California church attempts reparations for historic redlining of Black homebuyers. Religion News Service.",,,"Black Americans, Religion, Reparations Program",,,,
event-2022-84,2022,,Evanston Pays Housing Reparations,"Evanston, Illinois began paying reparations to Black residents under their Restorative Housing Program (see entry above in 2019). The 16 residents were chosen at random and receive $25,000 each for housing assistance.",,,City of Evanston,Black or African American individuals or communities,City,Illinois,2019,,"Mogos, A. (2022, January 22). Evanston selects first residents to receive housing benefits in reparations plan. WTTW News.",,,"Black Americans, Housing, Reparations Program",,,,
event-2022-85,2022,,Harvard Pledges $100 Million Redress,"Harvard University published a report (Harvard & the Legacy of Slavery) detailing how the institution benefitted from the enslavement of Black people in the United States. The university has also pledged $100 million for a fund to continue researching its ties to slavery, and for programs of reconciliation and redress.",,State Government,,Black or African American individuals or communities,National,,100000000,,"Hartocollis, A. (2022, April 26). Harvard details its ties to slavery and its plans for redress. The New York Times.",,,"Black Americans, Education, Enslavement",,,,
event-2022-86,2022,,Providence Funds Municipal Reparations Program,"Providence, Rhode Island mayor Jorge Elorza signed a $10 million budget for the Providence Municipal Reparations program, with funds coming from the American Rescue Plan. Black and Native American residents qualify automatically, and White residents may also apply as the funding decisions must be race-neutral.",Community Investment,City Government,City of Providence,Black or African American individuals or communities,City,Rhode Island,10000000,Municipal budget,"Felton, E. (2022, November 30). Providence offers reparations to address racism. White people can apply. Washington Post.",,,"Black Americans, City Government, Land, Native American, Reparations Program",,Implemented,,
event-2022-87,2022,,Boston Creates Reparations Task Force,"The city council of Boston, Massachusetts, voted to create a task force to study slavery and its contribution to wealth and other inequality in the region.",,City Government,,Black or African American individuals or communities,,,2022,Municipal budget,"Casey, M. (2022, December 14). Boston City Council votes to study reparations for Black Bostonians. Boston.Com.",,,"Black Americans, City Government, Reparations Program, Enslavement",,,,
event-2022-88,2022,,Easthampton Backs Federal Reparations Bill,"The city council of Easthampton, Massachusetts unanimously passed a resolution to support Congressional bill H.R. 40, which proposes to create a commission to study reparations for African Americans.",,Federal Government,United States Congress,Black or African American individuals or communities,National,,40,Federal appropriations,"Thurlow, E. (2022, December 11). Easthampton backs federal bill to examine slavery, discrimination from 1619-present. Daily Hampshire Gazette.",,,"Black Americans, City Government, Federal Government, Reparations Program, Enslavement",,,,
event-2022-89,2022,,High Point Studies Racial Injustice,"The city council of High Point, North Carolina, established the One High Point Commission by a 5-4 vote. The commission is charged with studying the history of racial injustice in the city and the city and recommending reparative actions.",,City Government,State of North Carolina,,State,North Carolina,5,Municipal budget,"Tumultuous year for reparations board. (2022, December 27). High Point Enterprise.",,,"City Government, Reparations Program",,,,
event-2022-90,2022,,Episcopal Diocese Funds Reparations,"The Episcopal Diocese of Massachusetts voted to create a reparations fund to address ""our legacy of wealth accumulated through the enslaved labor of Africans and Afro-Caribbeans."" The pool will consist of $3 million to create investment income, as well as further annual funding with a goal of $11.1 million. The Diocese has also created a Reparations Toolkit.",,Religious Institution,,Descendants of enslaved persons,,,3000000,,"Sukraw, T. J. (2022, November 16). Massachusetts diocese creates reparations fund with $11.1 million goal. Episcopal News Service.",,,"Reparations Program, Enslavement",,,,
event-2022-91,2022,,Jersey City Supports Reparations Study,"The Jersey City, New Jersey council passed a resolution supporting New Jersey state bill S386/A938 to establish a reparations task force in New Jersey.",,State Government,,,,,386,Municipal budget,"Nelson, L. (2022, May 11). Jersey City passes resolution endorsing NJ reparations task force legislation. New Jersey Institute for Social Justice.",,,"City Government, Reparations Program",,,,
event-2023-92,2023,,Bruce Family Land Returned,"In 1924, land owned by the Bruce family in Manhattan Beach, California, was seized via eminent domain by the city, who wanted to build a park there. The Bruce family had already faced harassment from white residents, and the Ku Klux Klan had attempted to burn down the resort that sat on the property. In July 2022 the land was returned to the family's descendants, who then sold it back to Los Angeles County for $20 million.",Land Return,City Government,City of Los Angeles,Black or African American individuals or communities,State,California,1924,Municipal budget,"Ardrey, T. (2023, January 4). A Black California family is selling the land stolen from their ancestors back to LA County for $20 million. Insider.",,,"Black Americans, City Government, Land",,,,
event-2023-93,2023,,SF Proposes $5 Million Reparations,"San Francisco, California's government-appointed African American Reparations Advisory Committee recommended that the city's Black residents be paid $5 million each in reparations for historical public policies that reflected the intent of chattel slavery. The committee chair stated that the program ""could represent a significant enough investment in families to put them on this path to economic well-being, growth and vitality that chattel slavery and all the policies that flowed from it destroyed.""",Monetary Compensation,State Government,City of Los Angeles,Black or African American individuals or communities,State,California,5000000,Municipal budget,"Felton, E. (2023, February 28). San Francisco debates reparations : $5 million each for Black residents? Washington Post.",,,"Black Americans, City Government, Reparations Program, Enslavement",,Implemented,,
event-2023-94,2023,,Detroit Launches Reparations Task Force,"The city of Detroit, Michigan, has assembled a group of citizens to lead a task force to recommend how to address systemic discrimination against the Black community, such as housing and economic development. The initiative was passed by 80% of voters in Detroit to create the Committee of the Reparations Taskforce in November 2021.",,City Government,,Black or African American individuals or communities,City,,80,Municipal budget,"Aguilar, L. (2023, February 24). Detroit reparations movement takes step forward. The Detroit News.",,,"Black Americans, City Government, Housing, Reparations Program",,,,
event-2023-95,2023,,St. Paul Studies Reparations,"The City of St. Paul, Minnesota, created the St. Paul Recovery Act Community Reparations Commission to research possibilities for reparations to descendants of enslaved Africans.",,City Government,,Descendants of enslaved persons,City,,2023,Municipal budget,"McGee, N. A. (2023, January 5). Minnesota city creates committee to give reparations to descendants of enslaved Africans. The Root.",,,"City Government, Reparations Program, Enslavement",,,,
event-2023-96,2023,,NY Creates Reparations Commission,The State of New York passes legislation to create a commission to study the legacy of slavery in the state and recommendations for reparative actions to address racial inequalities. The commission is to present a report of its findings to the legislature in 2025.,,State Government,,,State,,2025,State appropriations,"Tomkin, A. (2024, August 12). New York’s Reparations Commission starts its work. City Limits.",,,"City Government, Reparations Program, Enslavement",,,,
event-2023-97,2023,,Amherst Funds $2 Million Reparations,"The town of Amherst, Massachusetts has provided a $2 million endowment fund for reparations, coming from tax proceeds of cannabis sales. The African Heritage Reparation Assembly issued a report (PDF) with recommendations on how the funding is to be spent.",,City Government,,,,,2000000,,"Casey, M. (2023, October 16). Slavery reparations in Amherst Massachusetts could include funding for youth programs and housing. AP News.",,,"Housing, Reparations Program, Enslavement",,,,
event-2024-98,2024,,Tulsa Studies Race Massacre Reparations,"After the Oklahoma Supreme Court rejected a lawsuit for reparations from survivors of the 1921 Tulsa Race Massacre — where a white mob killed 300 Black residents and destroyed the Greenwood District — city officials have created a commission to consider this option. The commission will focus on initiatives like housing equity, educational opportunities, and economic development for survivors and their descendants.",Educational Support,City Government,U.S. Supreme Court,Black or African American individuals or communities,City,,1921,Municipal budget,"Associated Press. (2024, August 5). Tulsa commission will study reparations for 1921 race massacre victims and descendants. NBC News.",,,"Black Americans, City Government, Education, Housing, Legal Action, Racial Violence, Reparations Program",,,,
event-2024-99,2024,,Colorado Studies Racial Equity Reparations,"In Colorado $900,000 has been raised to establish a 14-person commission to study racial equity, pursuant to legislation (SB24-053). The Black Coloradan Racial Equity Study Commission, based at History Colorado and chaired by Senate President James Coleman, had its first meeting in October 2024. The study will take three years to complete and will include community input sessions, economic analysis, and recommendations.",,Federal Government,President of the United States,Black or African American individuals or communities,,,900000,Federal appropriations,"Tassy, E. (2024, November 14). History Colorado hiring staff for state-mandated study into whether systemic harm happened to Black people. Colorado Public Radio.",,,Black Americans,,,,
event-2024-100,2024,,Palm Springs Pays Section 14 Reparations,"The city council of Palm Springs, California, approved a $5.9 million settlement for survivors and descendants of Section 14, an historically Black and Latino neighborhood that had been destroyed 60 years ago for commercial development. The agreement compensates around 1,200 individuals, establishes a cultural healing center and a public monument, and allocates $21 million for housing and economic programs prioritizing former residents.",,City Government,City of Palm Springs,Black or African American individuals or communities,State,California,5900000,Municipal budget,"Bolaños, M. (2024, November 15). Palm Springs OKs $5.9 million in reparations for Black and Latino families whose homes the city burned. KQED.",,,"Black Americans, City Government, Housing, Latino Americans, Reparations Program",,Implemented,,
event-2024-101,2024,,Sacramento Expands Reparations Initiatives,"The city council of Sacramento, California, passed two resolutions related to reparations in the city. The first resolution was to incorporate racial equity into the city's operations, and the second was to expand the reparations initiatives out of the mayor's office into a city-wide program.",,City Government,City of Los Angeles,,State,California,2024,Municipal budget,"Sanchez, S. T. (2024, December 4). Sacramento City Council approves historic resolutions to advance racial equity and reparations. ABC10.",,,"City Government, Reparations Program",,,,
event-2024-102,2024,,California Apologizes for Slavery,"The governor of California signed a bill apologizing for the harms caused by slavery and racial discrimination against African Americans. He had previously vetoed another bill seeking to establish a state agency to investigate and compensate for land taken by racially-motivated eminent domain. (Holden, L. (2024, August 31). California slavery reparations bills unraveled over Gavin Newsom amendments. POLITICO; Holden, L. (2024, September 26). Gavin Newsom signs California apology for slavery and discrimination. POLITICO.)",Formal Apology,State Government,,Black or African American individuals or communities,State,California,2024,,,,,"Apology, Black Americans, Land, Reparations Program, Enslavement",,Implemented,,
event-2024-103,2024,,Chicago Launches Reparations Task Force,"The mayor of Chicago, Illinois, has signed an executive order to create a task force to study and define reparations, identify areas for redress, and make recommendations for remedies and restitution.",Monetary Compensation,City Government,City of Chicago,Black or African American individuals or communities,City,Illinois,2024,Municipal budget,"Mayor’s Press Office. (2024, June 17). Mayor Brandon Johnson signs historic executive order to launch Black reparations task force and agenda. City of Chicago.",,,"Black Americans, City Government, Reparations Program",,Implemented,,
event-2024-104,2024,,Northampton Recommends Reparations Actions,The Northampton Commission for the Study of Reparations (Massachusetts) released a preliminary report (PDF) recommending a number of actions to address the historic wrongs towards Black residents of the town caused by slavery and its aftermath.,,City Government,,Black or African American individuals or communities,,,2024,,"MacDougall, A. (2024, December 13). Early report from reparations panel finds Blacks endured historic wrongs in Northampton. Daily Hampshire Gazette.",,,"Black Americans, Reparations Program, Enslavement",,,,
event-2024-105,2024,,San Diego Backs State Reparations,"The San Diego City Council unanimously voted to support California's statewide reparations package, although they also recommend adding financial compensation.",Monetary Compensation,State Government,City of Los Angeles,Black or African American individuals or communities,State,California,2024,Municipal budget,"Wu, J. (2024, August 5). ‘This thing doesn’t happen overnight’ : San Diegans push for reparations for Black Californians. San Diego Union-Tribune.",,,"Black Americans, City Government, Reparations Program",,,,
event-2024-106,2024,,St. Louis Proposes Reparations Plan,The St. Louis (Missouri) Reparations Commission released a report recommending the city take actions to address historical and current racial injustices towards the city's African American community. Suggestions include cash payments as well as official acknowledgment and apology for racially motivated harms.,Formal Apology,City Government,City of St. Louis,Black or African American individuals or communities,State,Missouri,2024,Municipal budget,"Hays, G. (2024, December 4). In St. Louis, a new reparations report details how the city can act on racial injustice. PBS News.",,,"Apology, Black Americans, City Government, Reparations Program",,,,
event-2025-107,2025,,DC Explores Slavery Reparations,"A new law in Washington, D.C., has taken effect, allowing the city to explore reparations for Black residents who are descendants of slaves or affected by Jim Crow-era policies. The legislation establishes a 12-member commission to study the city's history of slavery and discrimination, develop reparations proposals, and set up a payment fund.",Monetary Compensation,City Government,,Black or African American individuals or communities,,District of Columbia,12,Municipal budget,"Delaney, M. (2025, March 6). D.C. reparations law takes effect, opening door for payments to Black residents. The Washington Times.",,,"Black Americans, City Government, Reparations Program, Enslavement",,,,
event-2025-108,2025,,Pressley Reintroduces Reparations Bill,"Congressional Rep. Ayanna Pressley reintroduces H.R. 40, Commission to Study and Develop Reparation Proposals for African Americans Act, which had been initially introduced by Rep. John Conyers in 1989 and then every year since.",,Federal Government,United States Congress,Black or African American individuals or communities,National,,40,Federal appropriations,"Gaynor, G. K. (2025, February 12). An emotional Rep. Ayanna Pressley takes up historic legacy of reparations bill H.R. 40. TheGrio.",,,"Black Americans, Federal Government, Reparations Program",,,,